"","AccName","AccID","AccWebsite"
"1","Microsoft Ventures Accelerator Tel Aviv","266005","http://www.seed-db.com/investorgraph/acceleratorview?acceleratorid=266005"
"2","Y Combinator","1011","http://www.seed-db.com/investorgraph/acceleratorview?acceleratorid=1011"
"3","Mucker Lab","6008","http://www.seed-db.com/investorgraph/acceleratorview?acceleratorid=6008"
"4","Amplify.LA","95004","http://www.seed-db.com/investorgraph/acceleratorview?acceleratorid=95004"
"5","NYC SeedStart","7004","http://www.seed-db.com/investorgraph/acceleratorview?acceleratorid=7004"
"6","AngelPad","2002","http://www.seed-db.com/investorgraph/acceleratorview?acceleratorid=2002"
"7","New York Digital Health Accelerator","237002","http://www.seed-db.com/investorgraph/acceleratorview?acceleratorid=237002"
"8","RockHealth","8008","http://www.seed-db.com/investorgraph/acceleratorview?acceleratorid=8008"
"9","Code for America Accelerator","50042","http://www.seed-db.com/investorgraph/acceleratorview?acceleratorid=50042"
"10","LaunchpadLA","8005","http://www.seed-db.com/investorgraph/acceleratorview?acceleratorid=8005"
"11","Upwest Labs","98001","http://www.seed-db.com/investorgraph/acceleratorview?acceleratorid=98001"
"12","Springboard","94004","http://www.seed-db.com/investorgraph/acceleratorview?acceleratorid=94004"
"13","Flashpoint","2006","http://www.seed-db.com/investorgraph/acceleratorview?acceleratorid=2006"
"14","Portland Incubator Experiment (PIE)","8006","http://www.seed-db.com/investorgraph/acceleratorview?acceleratorid=8006"
"15","Capital Innovators","275006","http://www.seed-db.com/investorgraph/acceleratorview?acceleratorid=275006"
"16","Orange Fab","5508616203272192","http://www.seed-db.com/investorgraph/acceleratorview?acceleratorid=5508616203272192"
"17","Techstars","3012","http://www.seed-db.com/investorgraph/acceleratorview?acceleratorid=3012"
"18","Entrepreneurs Roundtable Accelerator","2005","http://www.seed-db.com/investorgraph/acceleratorview?acceleratorid=2005"
"19","Imagine K12","6006","http://www.seed-db.com/investorgraph/acceleratorview?acceleratorid=6006"
"20","The Yield Lab","5667465501605888","http://www.seed-db.com/investorgraph/acceleratorview?acceleratorid=5667465501605888"
"21","DreamIT Ventures","8001","http://www.seed-db.com/investorgraph/acceleratorview?acceleratorid=8001"
"22","ImpactEngine","299002","http://www.seed-db.com/investorgraph/acceleratorview?acceleratorid=299002"
"23","SixThirty","5643944717189120","http://www.seed-db.com/investorgraph/acceleratorview?acceleratorid=5643944717189120"
"24","Portland Seed Fund","1008","http://www.seed-db.com/investorgraph/acceleratorview?acceleratorid=1008"
"25","Excelerate Labs","1003","http://www.seed-db.com/investorgraph/acceleratorview?acceleratorid=1003"
"26","Seedcamp","4005","http://www.seed-db.com/investorgraph/acceleratorview?acceleratorid=4005"
"27","Media Camp","926002","http://www.seed-db.com/investorgraph/acceleratorview?acceleratorid=926002"
"28","i/o ventures","1006","http://www.seed-db.com/investorgraph/acceleratorview?acceleratorid=1006"
"29","Capital Factory","3003","http://www.seed-db.com/investorgraph/acceleratorview?acceleratorid=3003"
"30","fbFund","7002","http://www.seed-db.com/investorgraph/acceleratorview?acceleratorid=7002"
"31","gener8tor","263012","http://www.seed-db.com/investorgraph/acceleratorview?acceleratorid=263012"
"32","The Brandery","2004","http://www.seed-db.com/investorgraph/acceleratorview?acceleratorid=2004"
"33","The Alchemist Accelerator","43001","http://www.seed-db.com/investorgraph/acceleratorview?acceleratorid=43001"
"34","Seedrocket","6010","http://www.seed-db.com/investorgraph/acceleratorview?acceleratorid=6010"
"35","InnoSpring","20001","http://www.seed-db.com/investorgraph/acceleratorview?acceleratorid=20001"
"36","SparkLabs","145006","http://www.seed-db.com/investorgraph/acceleratorview?acceleratorid=145006"
"37","Startmate","142002","http://www.seed-db.com/investorgraph/acceleratorview?acceleratorid=142002"
"38","500startups","2001","http://www.seed-db.com/investorgraph/acceleratorview?acceleratorid=2001"
"39","Acceleprise","263002","http://www.seed-db.com/investorgraph/acceleratorview?acceleratorid=263002"
"40","SURGE","5008","http://www.seed-db.com/investorgraph/acceleratorview?acceleratorid=5008"
"41","Boost VC","928008","http://www.seed-db.com/investorgraph/acceleratorview?acceleratorid=928008"
"42","Healthbox","6004","http://www.seed-db.com/investorgraph/acceleratorview?acceleratorid=6004"
"43","AccelFoods","6234857592061952","http://www.seed-db.com/investorgraph/acceleratorview?acceleratorid=6234857592061952"
"44","Chinaccelerator","5002","http://www.seed-db.com/investorgraph/acceleratorview?acceleratorid=5002"
"45","JumpStartFoundry","5004","http://www.seed-db.com/investorgraph/acceleratorview?acceleratorid=5004"
"46","FounderFuel","1004","http://www.seed-db.com/investorgraph/acceleratorview?acceleratorid=1004"
"47","Highline","4002","http://www.seed-db.com/investorgraph/acceleratorview?acceleratorid=4002"
"48","HAXLR8R","1005","http://www.seed-db.com/investorgraph/acceleratorview?acceleratorid=1005"
"49","ignite100","4003","http://www.seed-db.com/investorgraph/acceleratorview?acceleratorid=4003"
"50","Mergelane","5760966956417024","http://www.seed-db.com/investorgraph/acceleratorview?acceleratorid=5760966956417024"
"51","SeedStartup","3010","http://www.seed-db.com/investorgraph/acceleratorview?acceleratorid=3010"
"52","OpenFund","5006","http://www.seed-db.com/investorgraph/acceleratorview?acceleratorid=5006"
"53","Blueprint Health","2003","http://www.seed-db.com/investorgraph/acceleratorview?acceleratorid=2003"
"54","iVentures10","1007","http://www.seed-db.com/investorgraph/acceleratorview?acceleratorid=1007"
"55","Rockstart Accelerator","68018","http://www.seed-db.com/investorgraph/acceleratorview?acceleratorid=68018"
"56","Tech Wildcatters","8009","http://www.seed-db.com/investorgraph/acceleratorview?acceleratorid=8009"
"57","AlphaLab","3001","http://www.seed-db.com/investorgraph/acceleratorview?acceleratorid=3001"
"58","K5Launch","350001","http://www.seed-db.com/investorgraph/acceleratorview?acceleratorid=350001"
"59","LAUNCH incubator","5651326834835456","http://www.seed-db.com/investorgraph/acceleratorview?acceleratorid=5651326834835456"
"60","Momentum","3007","http://www.seed-db.com/investorgraph/acceleratorview?acceleratorid=3007"
"61","Nxtp.labs","5005","http://www.seed-db.com/investorgraph/acceleratorview?acceleratorid=5005"
"62","LaunchBox Digital","8004","http://www.seed-db.com/investorgraph/acceleratorview?acceleratorid=8004"
"63","Telluride Venture Accelerator","264002","http://www.seed-db.com/investorgraph/acceleratorview?acceleratorid=264002"
"64","Betaspring","1002","http://www.seed-db.com/investorgraph/acceleratorview?acceleratorid=1002"
"65","Blue Startups","299008","http://www.seed-db.com/investorgraph/acceleratorview?acceleratorid=299008"
"66","JFDI.Asia","3006","http://www.seed-db.com/investorgraph/acceleratorview?acceleratorid=3006"
"67","SynBio axlr8r","5727230776836096","http://www.seed-db.com/investorgraph/acceleratorview?acceleratorid=5727230776836096"
"68","Le Camping","6279014150832128","http://www.seed-db.com/investorgraph/acceleratorview?acceleratorid=6279014150832128"
"69","Axel Springer Plug and Play","5394508585893888","http://www.seed-db.com/investorgraph/acceleratorview?acceleratorid=5394508585893888"
"70","Flashstarts","589005","http://www.seed-db.com/investorgraph/acceleratorview?acceleratorid=589005"
"71","Triangle Startup Factory","1010","http://www.seed-db.com/investorgraph/acceleratorview?acceleratorid=1010"
"72","Bizdom","6001","http://www.seed-db.com/investorgraph/acceleratorview?acceleratorid=6001"
"73","Emerge Venture Lab","5625003","http://www.seed-db.com/investorgraph/acceleratorview?acceleratorid=5625003"
"74","Wayra","4882922146365440","http://www.seed-db.com/investorgraph/acceleratorview?acceleratorid=4882922146365440"
"75","TLabs","140003","http://www.seed-db.com/investorgraph/acceleratorview?acceleratorid=140003"
"76","Accelerate Baltimore","136003","http://www.seed-db.com/investorgraph/acceleratorview?acceleratorid=136003"
"77","10-xcelerator","1001","http://www.seed-db.com/investorgraph/acceleratorview?acceleratorid=1001"
"78","Extreme University","6003","http://www.seed-db.com/investorgraph/acceleratorview?acceleratorid=6003"
"79","Bethnal Green Ventures","5001","http://www.seed-db.com/investorgraph/acceleratorview?acceleratorid=5001"
"80","Startupbootcamp","7006","http://www.seed-db.com/investorgraph/acceleratorview?acceleratorid=7006"
"81","Prosper Capital Accelerator","5764593871749120","http://www.seed-db.com/investorgraph/acceleratorview?acceleratorid=5764593871749120"
"82","autoXLR8R","747001","http://www.seed-db.com/investorgraph/acceleratorview?acceleratorid=747001"
"83","Matter.","614002","http://www.seed-db.com/investorgraph/acceleratorview?acceleratorid=614002"
"84","StartFast Venture Accelerator","5007","http://www.seed-db.com/investorgraph/acceleratorview?acceleratorid=5007"
"85","Melbourne Accelerator Program","1091001","http://www.seed-db.com/investorgraph/acceleratorview?acceleratorid=1091001"
"86","Difference Engine","7001","http://www.seed-db.com/investorgraph/acceleratorview?acceleratorid=7001"
"87","LAUNCHub","338001","http://www.seed-db.com/investorgraph/acceleratorview?acceleratorid=338001"
"88","Jolt","90001","http://www.seed-db.com/investorgraph/acceleratorview?acceleratorid=90001"
"89","Tumml","5730485825175552","http://www.seed-db.com/investorgraph/acceleratorview?acceleratorid=5730485825175552"
"90","Velocity Indiana Accelerator","1725001","http://www.seed-db.com/investorgraph/acceleratorview?acceleratorid=1725001"
"91","9Mile Labs","5643323087781888","http://www.seed-db.com/investorgraph/acceleratorview?acceleratorid=5643323087781888"
"92","LaunchHouse","287009","http://www.seed-db.com/investorgraph/acceleratorview?acceleratorid=287009"
"93","angelcube","4001","http://www.seed-db.com/investorgraph/acceleratorview?acceleratorid=4001"
"94","UpTech","144001","http://www.seed-db.com/investorgraph/acceleratorview?acceleratorid=144001"
"95","Springboard - Internet of Things","273007","http://www.seed-db.com/investorgraph/acceleratorview?acceleratorid=273007"
"96","Startup Wise Guys","3011","http://www.seed-db.com/investorgraph/acceleratorview?acceleratorid=3011"
"97","Pushstart Accelerator","3009","http://www.seed-db.com/investorgraph/acceleratorview?acceleratorid=3009"
"98","Straight Shot","5709156346494976","http://www.seed-db.com/investorgraph/acceleratorview?acceleratorid=5709156346494976"
"99","StartEngine","101001","http://www.seed-db.com/investorgraph/acceleratorview?acceleratorid=101001"
"100","ZeroTo510","1027003","http://www.seed-db.com/investorgraph/acceleratorview?acceleratorid=1027003"
"101","The Iron Yard","7008","http://www.seed-db.com/investorgraph/acceleratorview?acceleratorid=7008"
"102","88mph","272016","http://www.seed-db.com/investorgraph/acceleratorview?acceleratorid=272016"
"103","StartupYard","126005","http://www.seed-db.com/investorgraph/acceleratorview?acceleratorid=126005"
"104","Women Innovate Mobile","5009","http://www.seed-db.com/investorgraph/acceleratorview?acceleratorid=5009"
"105","Oxygen Accelerator","6009","http://www.seed-db.com/investorgraph/acceleratorview?acceleratorid=6009"
"106","dotforge accelerator","355002","http://www.seed-db.com/investorgraph/acceleratorview?acceleratorid=355002"
"107","Project Skyway","222002","http://www.seed-db.com/investorgraph/acceleratorview?acceleratorid=222002"
"108","StartupReykjavik","92001","http://www.seed-db.com/investorgraph/acceleratorview?acceleratorid=92001"
"109","Spark Lab KC","5649952705347584","http://www.seed-db.com/investorgraph/acceleratorview?acceleratorid=5649952705347584"
"110","Global Insurance Accelerator","5683774385815552","http://www.seed-db.com/investorgraph/acceleratorview?acceleratorid=5683774385815552"
"111","Socratic Labs","941001","http://www.seed-db.com/investorgraph/acceleratorview?acceleratorid=941001"
"112","GammaRebels","93003","http://www.seed-db.com/investorgraph/acceleratorview?acceleratorid=93003"
"113","Propeller Venture Accelerator","8007","http://www.seed-db.com/investorgraph/acceleratorview?acceleratorid=8007"
"114","33entrepreneurs","6078336098893824","http://www.seed-db.com/investorgraph/acceleratorview?acceleratorid=6078336098893824"
"115","Seed Hatchery","1030003","http://www.seed-db.com/investorgraph/acceleratorview?acceleratorid=1030003"
"116","Communitech Hyperdrive","79001","http://www.seed-db.com/investorgraph/acceleratorview?acceleratorid=79001"
"117","LearnLaunchX","1375001","http://www.seed-db.com/investorgraph/acceleratorview?acceleratorid=1375001"
"118","SeedSumo","5955001","http://www.seed-db.com/investorgraph/acceleratorview?acceleratorid=5955001"
"119","Eleven Startup Accelerator","78001","http://www.seed-db.com/investorgraph/acceleratorview?acceleratorid=78001"
"120","LightningLab","268003","http://www.seed-db.com/investorgraph/acceleratorview?acceleratorid=268003"
"121","buildit","5672889575538688","http://www.seed-db.com/investorgraph/acceleratorview?acceleratorid=5672889575538688"
"122","TexDrive","7007","http://www.seed-db.com/investorgraph/acceleratorview?acceleratorid=7007"
"123","BootupLabs","6002","http://www.seed-db.com/investorgraph/acceleratorview?acceleratorid=6002"
"124","innovyz start","8003","http://www.seed-db.com/investorgraph/acceleratorview?acceleratorid=8003"
"125","Iowa Startup Accelerator","5213879441293312","http://www.seed-db.com/investorgraph/acceleratorview?acceleratorid=5213879441293312"
"126","Desai Accelerator","5726148130504704","http://www.seed-db.com/investorgraph/acceleratorview?acceleratorid=5726148130504704"
"127","StartupHighway","123003","http://www.seed-db.com/investorgraph/acceleratorview?acceleratorid=123003"
"128","BoomStartup","3002","http://www.seed-db.com/investorgraph/acceleratorview?acceleratorid=3002"
"129","GameFounders","91001","http://www.seed-db.com/investorgraph/acceleratorview?acceleratorid=91001"
"130","betaFactory","120002","http://www.seed-db.com/investorgraph/acceleratorview?acceleratorid=120002"
"131","The Ark","49047","http://www.seed-db.com/investorgraph/acceleratorview?acceleratorid=49047"
"132","Shotput Ventures","2008","http://www.seed-db.com/investorgraph/acceleratorview?acceleratorid=2008"
"133","NMotion","589004","http://www.seed-db.com/investorgraph/acceleratorview?acceleratorid=589004"
"134","Hub Ventures","6005","http://www.seed-db.com/investorgraph/acceleratorview?acceleratorid=6005"
"135","Flat6 Labs","9001","http://www.seed-db.com/investorgraph/acceleratorview?acceleratorid=9001"
"136","GazelleLab","3004","http://www.seed-db.com/investorgraph/acceleratorview?acceleratorid=3004"
"137","Hatch","263013","http://www.seed-db.com/investorgraph/acceleratorview?acceleratorid=263013"
"138","Metavallon","5726413743194112","http://www.seed-db.com/investorgraph/acceleratorview?acceleratorid=5726413743194112"
"139","Upstart Memphis","6269921033977856","http://www.seed-db.com/investorgraph/acceleratorview?acceleratorid=6269921033977856"
"140","Searchcamp","924002","http://www.seed-db.com/investorgraph/acceleratorview?acceleratorid=924002"
"141","ProSiebenSat.1 Accelerator","6296967114129408","http://www.seed-db.com/investorgraph/acceleratorview?acceleratorid=6296967114129408"
"142","XLerateHealth","641003","http://www.seed-db.com/investorgraph/acceleratorview?acceleratorid=641003"
"143","HugeThing","125002","http://www.seed-db.com/investorgraph/acceleratorview?acceleratorid=125002"
"144","Summer @ Highland","1009","http://www.seed-db.com/investorgraph/acceleratorview?acceleratorid=1009"
"145","NDRC (LaunchPad / VentureLab)","2007","http://www.seed-db.com/investorgraph/acceleratorview?acceleratorid=2007"
"146","IDC Elevator","3005","http://www.seed-db.com/investorgraph/acceleratorview?acceleratorid=3005"
"147","NextStart","3008","http://www.seed-db.com/investorgraph/acceleratorview?acceleratorid=3008"
"148","Oasis 500","4004","http://www.seed-db.com/investorgraph/acceleratorview?acceleratorid=4004"
"149","H-Farm Ventures","5003","http://www.seed-db.com/investorgraph/acceleratorview?acceleratorid=5003"
"150","HackFWD","7003","http://www.seed-db.com/investorgraph/acceleratorview?acceleratorid=7003"
"151","Startl","7005","http://www.seed-db.com/investorgraph/acceleratorview?acceleratorid=7005"
"152","YEurope","7009","http://www.seed-db.com/investorgraph/acceleratorview?acceleratorid=7009"
"153","iAccelerator","8002","http://www.seed-db.com/investorgraph/acceleratorview?acceleratorid=8002"
"154","The Morpheus","8010","http://www.seed-db.com/investorgraph/acceleratorview?acceleratorid=8010"
"155","Umbono","10001","http://www.seed-db.com/investorgraph/acceleratorview?acceleratorid=10001"
"156","NewMe accelerator","42001","http://www.seed-db.com/investorgraph/acceleratorview?acceleratorid=42001"
"157","Founder Institute","53044","http://www.seed-db.com/investorgraph/acceleratorview?acceleratorid=53044"
"158","Brooklyn Beta Summer Camp","58019","http://www.seed-db.com/investorgraph/acceleratorview?acceleratorid=58019"
"159","Incubate Miami","58041","http://www.seed-db.com/investorgraph/acceleratorview?acceleratorid=58041"
"160","Innov8 for Health","80001","http://www.seed-db.com/investorgraph/acceleratorview?acceleratorid=80001"
"161","Plug and Play Startup Camp","83002","http://www.seed-db.com/investorgraph/acceleratorview?acceleratorid=83002"
"162","Seeqnce","100003","http://www.seed-db.com/investorgraph/acceleratorview?acceleratorid=100003"
"163","Plarium Labs","116001","http://www.seed-db.com/investorgraph/acceleratorview?acceleratorid=116001"
"164","Venturegeeks","117001","http://www.seed-db.com/investorgraph/acceleratorview?acceleratorid=117001"
"165","VictorySpark","121006","http://www.seed-db.com/investorgraph/acceleratorview?acceleratorid=121006"
"166","StartupSauna","129007","http://www.seed-db.com/investorgraph/acceleratorview?acceleratorid=129007"
"167","Co.Lab accelerator","134007","http://www.seed-db.com/investorgraph/acceleratorview?acceleratorid=134007"
"168","CoLabs","135001","http://www.seed-db.com/investorgraph/acceleratorview?acceleratorid=135001"
"169","Le Camping","135008","http://www.seed-db.com/investorgraph/acceleratorview?acceleratorid=135008"
"170","Greenstart","201001","http://www.seed-db.com/investorgraph/acceleratorview?acceleratorid=201001"
"171","VentureHive","267008","http://www.seed-db.com/investorgraph/acceleratorview?acceleratorid=267008"
"172","Tandem","278011","http://www.seed-db.com/investorgraph/acceleratorview?acceleratorid=278011"
"173","MindTheBridge","279007","http://www.seed-db.com/investorgraph/acceleratorview?acceleratorid=279007"
"174","Upstart Labs","296007","http://www.seed-db.com/investorgraph/acceleratorview?acceleratorid=296007"
"175","Lean Launch Ventures","324003","http://www.seed-db.com/investorgraph/acceleratorview?acceleratorid=324003"
"176","XLR8HI","358002","http://www.seed-db.com/investorgraph/acceleratorview?acceleratorid=358002"
"177","The Bakery","450002","http://www.seed-db.com/investorgraph/acceleratorview?acceleratorid=450002"
"178","Fortify Ventures - Accelerator","715001","http://www.seed-db.com/investorgraph/acceleratorview?acceleratorid=715001"
"179","LaunchPad Long Island","1089001","http://www.seed-db.com/investorgraph/acceleratorview?acceleratorid=1089001"
"180","Incubate","1101001","http://www.seed-db.com/investorgraph/acceleratorview?acceleratorid=1101001"
"181","Think Big Partners Accelerator","1909001","http://www.seed-db.com/investorgraph/acceleratorview?acceleratorid=1909001"
"182","Highway1","2579002","http://www.seed-db.com/investorgraph/acceleratorview?acceleratorid=2579002"
"183","Manos Accelerator","2582002","http://www.seed-db.com/investorgraph/acceleratorview?acceleratorid=2582002"
"184","Sparkgap","4738503199948800","http://www.seed-db.com/investorgraph/acceleratorview?acceleratorid=4738503199948800"
"185","JLAB (John Lewis)","4865044546322432","http://www.seed-db.com/investorgraph/acceleratorview?acceleratorid=4865044546322432"
"186","Female Propeller for High Flyers","4865454514372608","http://www.seed-db.com/investorgraph/acceleratorview?acceleratorid=4865454514372608"
"187","Arizona Furnace","5637945855836160","http://www.seed-db.com/investorgraph/acceleratorview?acceleratorid=5637945855836160"
"188","Black Forest Accelerator","5678385120411648","http://www.seed-db.com/investorgraph/acceleratorview?acceleratorid=5678385120411648"
"189","i360accelerator","5700305828184064","http://www.seed-db.com/investorgraph/acceleratorview?acceleratorid=5700305828184064"
"190","NextHIT","5768182484697088","http://www.seed-db.com/investorgraph/acceleratorview?acceleratorid=5768182484697088"
"191","emerge Xcelerate","5818019456483328","http://www.seed-db.com/investorgraph/acceleratorview?acceleratorid=5818019456483328"
"192","Illumina Accelerator Program","5884898489401344","http://www.seed-db.com/investorgraph/acceleratorview?acceleratorid=5884898489401344"
"193","XTRATOS","6090062500462592","http://www.seed-db.com/investorgraph/acceleratorview?acceleratorid=6090062500462592"
"194","NFX","6474819977609216","http://www.seed-db.com/investorgraph/acceleratorview?acceleratorid=6474819977609216"
"195","TopSeedsLab","6508459021303808","http://www.seed-db.com/investorgraph/acceleratorview?acceleratorid=6508459021303808"
"196","Open Education Challenge","6600237439254528","http://www.seed-db.com/investorgraph/acceleratorview?acceleratorid=6600237439254528"
